,full_text,tweet_english
0,jadi ong ex kepala beacukai yogyakarta viral selidik kpk jadi sangka korupsi,so ong ex head of customs yogyakarta viral kpk investigator suspected corruption
1,bea cukai dah belakang viral nongol mulu wkwk,customs bye bye viral nongolulu wkwk
2,ga beacukai harga tiket domestik podo ngotak regone,no customs domestic ticket prices podo ngotak regone
3,bea cukai cen gatheeeel,customs cen gatheeeel
4,i see still masih bingung atur beacukai seperti karena sosialisasi sangat kurang minim,I see still confused about how to set up customs clearance because socialization is very minimal
5,beacukai kumpul orangorang guna ngotak anggur ken dapet duit instan banyak mungkin mending bubarin aja kalau mah,"Customs is gathering people to brainstorm wine to get a lot of instant money, maybe it's better to disband it."
6,udah banya banget berita tntg bea cukai,There are already so many news about customs.
7,sinting bea cukai,customs crazy
8,imagine yati kerja bea cukai,imagine yati customs work
9,beacukai tuh,really customs
10,gtabfoody dri singapur bang patungan 3jt lgi abang graby k tahan d bea cukai,gtabfoody dri singapur bang patungan 3jt lgi brother graby k tahan d customs
11,mending ngitu edar tokopedia kalau mulus masuk kantung pribadi barang bawa luar negeri bikin sulit mahal barang branded biar kagak tebus bisa foya foya jual barang emang lebih najis najis bea cukai,"it's better to distribute tokopedia if it smoothly enters the personal pocket of goods brought abroad to make it difficult to expensive branded goods so that you can't redeem them, you can spree on selling goods that are more unclean customs unclean"
12,diskusi panas tuju tidak tuju atur beacukai baru,hot discussion aim no aim new customs arrangement
13,pasang tumpang pilih robek tas mewah merk hermes hapadan tugas beacukai bandara soekarno hatta itu laku lantar tumpang sebut enggan bayar pajak besar rp26 juta beban mereka,pairs of tumpang choose torn hermes brand luxury bag hapadan duty customs airport soekarno hatta it sells lantar tumpang call reluctant to pay large taxes rp26 million their burden
14,maksud gmn sih beacukai bisa bayar 100 juta jadiin si bima buzzer duuh kepo,"What do you mean, customs can pay 100 million so that the bima buzzer duuh kepo"
15,emank beacukai tau malu tau pajak pajak makax pejabatx bayar pajak dlu bru dpt jabat,emank beacukai know shame know tax tax thenax officialsx pay tax first bru dptabat
16,arc beacukai jargon all clearnya skrg rame arc kipk whats next,arc beacukai jargon all clearnya skrg rame arc kipk whats next
17,beacukai kerja luar biasa iya buk smi,"Customs is doing a great job, yes buk smi."
18,beacukai sama beasiswa,customs and scholarship
19,settingan muka kayak pegawai beacukai,setting face like a customs employee
20,tugas beacukai koplak,tugas beacons koplak
21,bea cukai coba ikut rules international laku banyak negara asa ribut mulu ama rakyat sendiri malu sama oknum korupsi,customs try to follow the international rules of many countries asa fuss mulu ama people themselves shame on corruption elements
22,aku sih nanya pegawai bea cukai,I asked a customs officer anyway
23,bea cukai emang ngotak amyink,customs is really messed up amyink
24,harga tas 16jt model tas birkin hermes mana mungkin apa mungkin tas kw lah tas kw kena beacukai jg,bag price 16jt hermes birkin bag model where possible what might be kw bag lah kw bag hit beacukai jg
25,pegawai beacukai seluruh indonesia,customs employees throughout Indonesia
26,ngupi santai serasa pantai pandang daun lambai beranda jadi jabat beacukai,ngupi relaxes like a beach view lambai leaves veranda so beacukai shake
27,kira polwan h kira orang beacukai tetapi cuma kira kira doang asli babu cina,"thought it was a policewoman, thought it was a customs officer, but it was just a Chinese babu."
28,emang h baca paham undang2 pasal beacukai an nya heran negara jawara minim literasi,really h read understand the law2 article beacukai annya wonder champion country lack of literacy
29,bea cukai makin baik,customs is getting better
30,cuma ajar bea cukai,just teaching customs
31,bea cukai dalam banyak maling,customs in many thieves
32,mungkin agency nya suka sama beacukai makanya meski tau bakal cepuin tetep nanya kak bima,"Maybe the agency likes beacukai so even though they know it will be cepuin, they still ask bima kak."
33,kerja kayak begini beacukai mu bobrok benerin lah tahan 2022 suru bayar ratus juta apa2an kalau viral tau kacau,work like this your customs is dilapidated fix it hold 2022 suru pay a hundred million apa2an if viral know chaotic
34,jaman lulus nyari kerja dulu emang h tau beacukai ladang basah wowtapi terima kfc alhamdulillah,"When I graduated from looking for a job, I knew that customs was a wet field, but I accepted KFC, thank God."
35,moga soal tahan bea cukai,hope the matter withstands customs
36,bea cukai be like halo mas luthfi main bagus yah,customs be like hello mas luthfi play good yah
37,pecat semua atas bawah pegawai beacukai ganti semua coba periksa semua pegawai nya rekening periksa,fire all top and bottom customs employees replace all try to check all employees check accounts
38,gaji beacukai memang gede,Customs salary is indeed big
39,ganti semua tugas beacukai biar jadi malak,change all customs duties to be malak
40,ni perintah mau ngebenahin si beacukai apa,this order wants to fix the customs what
41,bea cukai memang taeeeek,customs is taeeeek
42,ulah anggota beacukai minta pajak tumpang sobek tas brand hermesnya,customs officer asks taxpayer to tear off hermes brand bag
43,coba deh intip tips lolos kece bea cukai,take a peek at the tips to pass customs.
44,gw percaya teman bilang kalo rumah orang kerja beacukai mewah minimal mobil 1 lihat pideo nyata emang benar,"I believe a friend said that if the house of a luxury customs work person is at least 1 car, see the real video, it's true."
45,bea cukai nanga badau kapuas hulu catat jumlah ekspor produk capai 19 ton,nanga badau kapuas hulu customs records 19 tons of product exports
46,please pak ahok revolusi beacukai kontol,please pak ahok revolution customs dick
47,pegawai bea cukai,customs employee
48,milik bawa invoice jika hitung pajak beacukai acu pd harga website akan selalu selalu jadi ini,belong to bring invoices if calculating customs tax referring to the price of the website will always always be this
49,orang2 beacukai perlu beri tiket nonton gratis siksa kubur,customs people need to give free tickets to watch the grave punishment
50,sirik liat orang kaya beacukai,see rich people in customs
51,halah gatel beacukai tempek iri bilang boss,halah gatel beacukai tempek jealous say boss
52,benar bilang mas beacukai bukan keranjang sampah keranjang duit,right say mas customs is not a waste basket money basket
53,selamat hari didik moga gurudosen lebih sejahtera pegawai pajak amp bea cukai,happy student day may teachers be more prosperous tax amp customs employees
54,lahan duit korupsi bea cukaimna pernah disorotkejagung yuk trun yuk,land of customs duty corruption moneynever highlightedthe attorney general yuk trun yuk
55,makin heran sama beacukai klau barang barang tahan ituu mau apa yahh serius tanyaa,I'm increasingly surprised at customs if the goods are resistant to what will yahh seriously aska
56,beacukai deh,customs deh
57,moga kamu tahan beacukai yaaa,I hope you can withstand customs.
58,masuk neraka kamu beacukai mana barang2 bgue tahan lama banget bgst,go to hell you customs where bgue goods are really durable bgst
59,pantesan kerja beacukai wakanda tajir2 gin kerja h gaji tiap bulan dpt pensiun malah jadi tukang peras emang uang pajak masuk kas negara paling korup,pantesan work beacukai wakanda tajir2 gin work h salary every month dpt pension instead become extortionist emang tax money into the treasury of the most corrupt country
60,jgn sampe beacukai jadi dapat pribadi lo,Don't let customs get personal with you.
61,lg banyak rumah mobil inceran harga sayang uang banyak pegawai bea cukai,There are a lot of mobile homes in the price of dear money many customs employees
62,permendag 36 tahun 2023 laku ubah permendag nomor 7 tahun 2024 akan laku beberapa hari beacukai siap implementasi atur titip sebut sesuai wenang,MOT 36 of 2023 sells well Amend MOT 7 of 2024 will sell well in a few days Customs is ready to implement the regulation of entrustment as per authority
63,produk sda tambang sj kalo bagi rkyt rata tiap orang 30jtbln kata mahfud md blm banyak sektor pariwisata pajak beacukai hutan laut terbang kalo umr rerata 3jt arti lebih korup yang non tambang,mining sda products only if for the average rkyt each person 30jtbln said mahfud md blm much tourism sector tax customs forest sea fly if the average umr 3jt meaning more corrupt non mining
64,megatron tahan beacukai koin hilang,megatron customs resistant lost coin
65,woilah beacukai emang rampok banget,woilah beacukai emang robbery really
66,semua tagih ppnpphbea masuk mungkin pajak lain kalau akan terbit ebilling ebilling bayar langsung masuk kas negara dapat ntpn seperti didik pabean sosialisasi rajin beacukai biar semua tau,all bills ppnpphbea enter maybe other taxes if ebilling will be issued ebilling ebilling pay directly into the state treasury can ntpn like educated customs diligent socialization beacukai let all know
67,kalau belanja2 pas pulang update ya mas kalau kendala beacukai happy holiday,If shopping2 when you go home update ya mas if beacukai constraints happy holiday
68,yang komen ig gin king mahkota mu sangkut beacukai wkwkwkw,who commented that your crown king gin was caught by customs.
69,kenyang terus kalo kerja mari kali pernah ngerasain dikerjain beacukai wkakak bolak balik sana sini gara gara hp doang hp murah pajak nya tengah harga hp gokill,full continue if you work let's experience being worked by customs wkakakak back and forth because of hp doang hp cheap tax middle hp price gokill
70,uang beacukai lari serius nanya,Customs money ran away seriously asked
71,info loker beacukai fren,fren customs locker info
72,mahasiswi nipu biar dpt kipk ayo bully kasih sanksi sosial sampe do viralkan lambeturah importir nipu harga biar barang lolos bayar pajakbea masuk beacukai kerja haram iq rendah tetangga kemarin blablabla kata temenku blablabla,college students cheat to get kipk let's bully give social sanctions to do viralkan lambeturah importers cheat on prices so that goods pass pay taxesfees enter customs illegitimate work low iq neighbors yesterday blablabla said my friend blablabla
73,open unlock imei beacukai amp kemenprin permanen paket 3 bulan 150k paket 6 bulan 200k paket 1 tahun 300k paket beacukai permanen 500k paket kemenprin permanen 400k proses 12 jam bayar selesai unlock daftar web,open unlock imei beacukai amp kemenprin permanent 3 month package 150k 6 month package 200k 1 year package 300k permanent beacukai package 500k permanent kemenprin package 400k process 12 hours pay finish unlock web register
74,butuh pak ignasius jonan bea cukai,need sir ignasius jonan customs clearance
75,tugas beacukai pake jam mahal hias mahal sepatu mahal2 branded luar negeri semua t legal itu barang barang sita d pretel,Customs duty uses expensive watches expensive ornaments expensive shoes expensive2 branded abroad all t legal goods confiscated goods pretel
76,bodoh beacukai malah mau bayar bima lampung bukan kiky saputri,stupid customs even want to pay bima lampung not kiky saputri
77,pantes aja orang beacukai mentereng2,No wonder the customs people are flashy.
78,atur terima aja offernya kan scopeofworknya ngasih pov orang kol kait alam yang hubung beacukai tidak bilang alam bagus gaada brief so jujur aja arti eheheh,set just accept the offer right scopeofworknya ngasih pov orang kol kait alam yang hubungan beacukai tidak bilang alam bagus gaada brief so honestly aja arti eheheh
79,kalau kayak gin mending minta bayar depan terus ceritain aja benar soal alam beacukai wkwkwk,"If it's like gin, it's better to ask to pay in advance and then just tell the truth about the nature of customs wkwkwk."
80,polisi usut maling beacukai atau expedisi,police investigate customs or expedition thieves
81,direktur jenderal dirjen beacukai askolani jadi sorot ungkap milik harta kaya capai rp 51 8 miliar total harta askolani rujuk data lapor harta kaya selenggara negara lhkpn kpk periode desember 2022 beacukai belakang kerap,director general of customs askolani highlighted reveal wealthy property reached rp 51 8 billion total assets askolani refer data report wealthy state officials lhkpn kpk period December 2022 customs back often
82,kena beacukai om tuker paspor,hit by customs om exchange passport
83,tugas pajak beacukai memang ratarata banyak duit kaya raya ingat tempat neraka,tax duties customs indeed averaged a lot of money wealthy remember hell place
84,kutuk kalian tugas beacukai anak istri keluarga kalian rasa sengsara lebih itu,Curse you customs duty children wife family you feel miserable more it
85,yang minat mau ngurangin barang tidak kena beacukai dm tidak pake mahal,those who are interested in reducing goods are not subject to customs duties dm does not use expensive
86,bea cukai c nya cukiiiiiii,customs c its cukiiiiiiiii
87,kerja bea cukai,customs work
88,bea cukai sareng garong fix fakta,customs sareng garong fix facts
89,ngakak bea cukai,customs mockery
90,yg salah beacukai memang perarturan buat beacukai ini,what's wrong with customs is indeed the regulation for this customs.
91,bea cukai,customs clearance
92,siapa aja yang dihubungin agency buat video bea cukai,who was contacted by the agency for the customs video
93,bego bet beacukai malah endorse awbimax,So stupid that customs even endorse awbimax
94,99 kerja beacukai kaya2 coba bukti in harta nya mana pada ciut,99 rich customs workers try to prove their assets where they are shrinking
95,padahal masuk witch hunt wkkw semua serempak hujat kok ada koar2 anak beacukai karena sistem masalah wkkwkw,even though it entered the witch hunt wkkw all in unison blasphemy how come there are coar2 children of customs because of system problems wkkwkw
96,ide bagus itukita import tai aja paling gratismalah kirim bayar terus masuk beacukai dibiarin aja tuh tai cucok tuh bang ide brilian,good idea itukita import tai aja most gratismalah send pay continue to enter customs let alone tuh tai cucok tuh bang brilliant idea
97,bea cukai duluinstansi kotorr,customs used to bea dirty agencyr
98,suruh kasih masuk buat beacukai wkwk,tell you to give entry to customs wkwk
99,tambahin bahkan beacukai sampe nahan2 kesengsem sama megatron,I'd add that even customs has to hold back its fascination with the megatron.
100,bom aja beacukai sekarang bajing,just bomb customs now bajing
101,presiden sibuk urus keluarga hingga lupa rakyat rakyat palak bea cukai,the president is so busy taking care of his family that he forgets about the people he's ripping off at customs
102,bea cukai is fucking twat,bea cukai is fucking twat
103,ramai beacukai gin presiden ngh,busy customs gin president ngh
104,tugas beacukai jangan biasa ributin soal tas hermes lama2 kena herpes baru nyahok lu,"Customs duties don't usually make a fuss about hermes bags, then you get herpes."
105,lahan basa bea cukai,customs base land
106,ramein in ah biar tau rasa beacukai tidak tau malu wkwkw uang buat ngendorse influencer mesti hasil pajak kan wkwk,ramein in ah let you know the taste of shameless customs wkwkw money for endorsing influencers must be the result of taxes right wkwk
107,habis lewat beacukai pusat,discharged through central customs
108,finally drama paket tahan beacukai akhir youtuber indonesia medy renaldy unboxing paket megatron kok packagingnya yang rusak sih langsung aja tonton video lengkap youtube medy renaldy,finally drama package resistant beacukai end Indonesian youtuber medy renaldy unboxing megatron package how come the packaging is damaged anyway just watch the full video youtube medy renaldy
109,org beacukai mana pikir gituyg pikir perut sendiri aja,"How do customs officers think that way, they only think about their own stomachs?"
110,emang tidak tau malu pihak beacukai bukan minta maaf malah foto sumringah gitu muka,"It's really shameless that the customs instead of apologizing, they took a photo of their smiling face."
111,mending hina beacukai bang masalah kipk nimbrung sekal urus hina beacukai wajib tiap hari,mending hina beacukai bang problem kipk nimbrung sekal urus hina beacukai wajib every day
112,gimana tugas beacukai hedon,how is hedon customs duty
113,instansi paling korup busuk haram hukum kerja,most corrupt agencies rotten illegitimate work law
114,org2 butuh baik bukan citra buat bayar kol mending bikin sistem cctv beacukai akses banyak org,org2 need good not image to pay kol mending make cctv system beacukai access many people
115,lhopak harto tuduh korupsi aja malah nutup beacukai lha sok bersih malah enteng cuman minta maaf atas segala bobrok yang ada beacukai apa dapat upeti,lhopak harto accused of corruption even closed customs lha sok clean even lightly just apologize for all the dilapidations that exist beacukai what get tribute
116,kasus megatron beacukai jadi berkah sih yang tadi tidak tau megatron apa aja jadi aware,"The case of the customs megatron is a blessing, those who didn't know what megatron was earlier became aware of it."
117,beacukai makin kesini makin kesana cek coba gudang beacukai banyak barang2 wkwkwkwkk,"Customs is getting here and there, check the customs warehouse for a lot of goods."
118,robot indo baru 1 orang punya memang dijualbelikan dia hilang koin abis beacukai ini yang jual koin fb pake embel2 robot dimainin ponakan,robot indo new 1 person has indeed sold he lost coins after customs this who sells fb coins using robot embel2 played by nephews
119,makin ngerti atur bea cukaikesannya enak perut h juta kasus tetap biar ada tindak minimal sosialisasikanbeacukai pimpin siapa sih kayak punya kuasa banget,"the more I understand how to regulate customs duties, the more delicious the stomach h million cases remain so that there is a minimum action to socializebeacukai who leads who seems to have the power really"
120,orangorang beacukai dipecatin aja sih pake outsourcing usaha swasta luar negeri yakin gaji budget sama seperti lebih bagus kerja boomers lokal,Customs people just use outsourcing private businesses abroad sure the salary budget is the same as the better work of local boomers
121,apa aja dipalakin perintah ya harga barang pangan bbm pajak ukt beacukai bangkrut itu hingga malak rakyat layak preman,anything dipalakin command yes the price of food goods fuel tax ukt beacukai bankrupt it to malak rakyat worth thugs
122,kek didenger ama perintah aja haha saja kamu liat kasus beacukai,just listen to the order haha just you see the customs case
123,urusin aja beacukai n mendag,just take care of customs and trade.
124,plis kulitin beacukai sudah terlalu,plis kulitin beacukai already too
125,ini salah satu solusi diberikn netizen bapak tanya solusi beacukai pak,"This is one of the solutions given by netizens, sir, ask for customs solutions, sir."
126,pantes jodoh tahan beacukai soal korea sih wkw,pantes jodoh resistant beacukai about korea anyway wkw
127,otak tahan beacukai bang,brain resistant customs bang
128,hari banyak berita beacukai terima kipk indonesia apa kabar,many days customs news accept kipk indonesia what's up
129,nyet planing kirim tuh mudah kamu bilang nambah kirim pagi dhan gitu monyet semua prosedur kerja proses semenamena kamu minta bikin dokumen buat kirim beacukai pagi pagi mampus ya monyet fuck you,nyet planing send it easy you say nambah send morning dhan so monkey all work procedures arbitrary process you ask to make documents to send customs morning mampus yes monkey fuck you
130,preman palak seragam hidup nya jadi lintah darah peras ancam lebih baik robek aja sita jadi bahan koleksi di rumah heran orang beacukai kaya2 dan rumah banyak sekali barang2 mewah import ilegal sita punya org,Thugs extorting uniforms live their lives as blood leeches extorting threatening it is better to tear it up just confiscate it as collection material at home surprised that customs people are rich and home a lot of luxury goods imported illegally confiscate people's possessions
131,bea cukai tolol h maling maennya bersihh goblok wkwkwk,Customs is a moron who is a clean thief.
132,ampe buat tugas bahasa indonesia karya ilmiah ngangkat topik beacukai wwkwkwkwk,I made an Indonesian assignment for a scientific paper on the topic of customs wwkwkwk
133,perintah lalu beacukai terap skema selfassessment importasi barang kirim hasil dagang dasar atur menteri,customs applies self-assessment scheme for importation of goods sent by trade based on ministerial regulation
134,pegawai beacukai pegawai pajak polisi tentara kalau negara pasifik sih,customs employees tax employees police soldiers if pacific countries anyway
135,beacukai buruk legal,bad customs legal
136,bea cukai tips barang impor denda usai viral kasus sepatu,customs tips on imported goods fines after viral shoe case
137,sekali rampok siang hari terang terang ada malu sedikit beacukai atas nama atur waras begini klw negara kelola para garong bedebah,once a daylight robbery brightly lit there is little shame customs in the name of sane rules like this if the state manages the garong bedebahs
138,udah dulu cium netizen main beacukai lengkap salah dokumen hlahh,already first kiss netizens play complete customs wrong documents hlahh
139,bea cukai gitu loh,customs and excise
140,pantes negara utang besar buat bayar gaji kerja duduk manisdi bumnpajakhakimbea cukai nasehat presidenbrin dprri dpdrimprrikerjan nyata mudah hancur negara bayar gaji besar k kerja hasil buat rakyat jelata,pantes negara utang besar buat bayar gaji kerja duduk manisdi bumnpajakhakimbea cukai saran presidenbrin dprri dpdrimprrikerjan nyata mudah hancur negara bayar gaji besar k kerja hasil buat rakyat jelata
141,bintang pajabatbea cukai sarang nya korup,tax starbea excise tax is a hotbed of corruption
142,atur belum ialah atur beacukai belum jelas btw jual alatbaju yang bau luar negeri yah cocok beli terus pas beacukai cek tinggalin aja sana,set yet is set beacukai unclear btw selling tools clothes that smell abroad well fit buy then when beacukai check just stay there
143,wakakakaka beacukai maling goblok h maling goblok goblok kagak rem goblok blonggggg,wakakakaka beacukai maling goblok h maling goblok goblok no brakes goblok blonggggggg
144,bukti negara qta miskin padahal ngutang rajin banget berita d bwh mirip gila abis duit semua d pajak ogah bayar pajak celana tkw hong kong sampai bilang begini pihak beacukai ikhlas,"proof that the country is poor even though it is in debt so diligently the news in the bwh is like crazy all the money spent on taxes is unwilling to pay taxes on hong kong workers' pants until they say this, the customs is sincere"
145,anggap bayar pajak 2 juta aja langsung beacukai hilang dapat negara besar 2 juta kali misal 100 orang tidak mau bawa tas hermes luar negeri hilang dapat 200 juta kali berapa kali keluar negeri kali barangbarang,let's just pay 2 million tax directly customs lost can a large country 2 million times for example 100 people do not want to bring hermes bags abroad lost can 200 million times how many times out of the country times goods
146,bea cukai sarang maling wkwkwk,customs is a den of thieves wkwkwk
147,apple batal investasi moga2 bukan ribetnya birokrasi beacukai harus lalu,apple canceled investment hopefully not the bureaucratic hassle of customs must then
148,bgs sobek aja situ harga diri beacukai,bgs just tear up that customs self-esteem
149,kan betul dimalingtidak mungkin hilang maling emang betul bawah kamu maling pantesan banyak hilang barang orang bea cukai,isn't it true thievesit's impossible to lose thieves are right under you thieves pantesan many lost goods customs people
150,putus bijak maju salah mundur salah lebih baik ruksakin aja jadi akan pakai sama oknum beacukai ketimbng hrus bayar pajak lebih harga barang,break up wise forward wrong backward wrong better ruksakin aja so it will be used by unscrupulous customs ketimbng hrus pay more tax the price of goods
151,pagi gaes sudah kalian ucap doa pagi hari hina beacukai hari,morning gaes have you said the morning prayer hina beacukai day
152,wokwokwokwok seru banget ngikutin drama bea cukai,wokwokwokwok really exciting to follow the customs drama
153,perintah lampung aja lawan cuma bea cukai,Lampung order just fight customs only
154,singkat istilahistilah pakai umum ikut kasuskasus belakang saya bolakbalik buka glosarium beacukai di sana kurang lengkap sih cn consignment notes tidak jelas,"In short, the terms used in general follow the cases behind me back and forth open the customs glossary there is less complete anyway cn consignment notes are not clear."
155,pegawai beacukai ketapang selundup 566 satwa lindung,Ketapang customs employee smuggles 566 protected animals
156,woww koin hanya 1 indonesia robosen top reviewer tiap negara jual beda dong sama koin hilang paket periksa beacukaipjtsiapapun iya kan iya dong coba mana mas robosen bs bedain koin palsu asli,woww coin only 1 indonesia robosen top reviewer every country sells different dong same coin lost package check beacukaipjtsiapapun iya iya dong try where mas robosen bs distinguish original fake coin
157,kalau beneran sih bukan beacukai makin baik beacukai makin makin,"If it's really not customs, the better the customs, the more"
158,entah coba baik sangka kalau orang iseng mau jelekin beacukai upload gambar internet pas cari ketemu foto wkwk,I don't know whether it's good to think that people want to demonize beacukai uploading internet images when looking for photos wkwk.
159,jadi ken punya simpenan orang bandara ngurusin bea cukai,so ken has a sympathetic airport person taking care of customs.
160,wah mantap bang hilang koin koin langsung jual facebook bravo tugas beacukai sangat ahli sita selundup barang hasil curi rakyat indonesia,wah mantap bang lost coin coin directly sell facebook bravo duty beacukai very expert confiscate smuggled goods stolen by the people of indonesia
161,bea cukai memang tempat sampah pegawai2nya mental sampah mental rampok rata2 mati pegawai beacukai melotot2 sekarat,customs is indeed a trash can employees mentally trash mental robbers average dead customs employees glaring dying
162,makan duit haram gitu akan pernah rasa salah beacukai rasa atas angin apa kalian wahai rakyat indonesia pikir cuma rakyat indonesia ngutang sama wkwk,eating illegitimate money will never feel wrong beacukai taste in the wind what do you Indonesian people think only the Indonesian people owe the same wkwk
163,jahat beacukai lebih decepticon mah,evil customs is more decepticon mah
164,bea cukai pingin rampok selalu jadi masalah bawa celana jadi masalah mahal pajak harga barang apa gila beacukai ini jelas ampo,customs wants to rob always a problem bring pants so problem expensive tax price of goods what crazy customs this is clearly ampo
165,beacukai tinggi sih,high customs anyway
166,eh beacukai anjing banget dah barang sita jual,eh beacukai dog really dah goods confiscated sell
167,beacukai anjing,dog customs
168,tp impor dunia surga kena palak bea cukai,tp imports heavenly world hit by customs
169,wadaw tinggal koreng kerupuk langsung rame cuma nemu maaf kalo membludak moga beacukai makin makin ini jual jam garmin forerunner 55 2jt forerunner 955 solar 6jt forerunner 965 8jt kalo minat dm aja post mute,wadaw just koreng crackers directly crowded only found sorry if booming may beacukai increasingly selling garmin forerunner 55 2 million forerunner 955 solar 6 million forerunner 965 8 million if interested dm aja post mute
170,baru beacukai yang kemaren,new customs yesterday
171,wkwkwkw beacukai kapan sih orgnya bersih,I wonder when customs will be clean.
172,baju hitam hitam sering makan duit haram kerja beacukai makan duit haram,black clothes black often eat illegal money customs work eat illegal money
173,satu negara heboh akibat megatron nyasar kantor beacukai ri di unboxing medy renaldy all clear,one country excited due to megatron straying ri beacukai office in unboxing medy renaldy all clear
174,klo gaduh bin viral jg akan gerak kan ente boz mental malak pihak orang cacat alat ajar sempat tagih beacukai ratus juta minta maaf,if the noise bin viral will also move you boz mentally malak party handicapped people teaching tools had charged customs hundreds of millions apologize
175,bapak lantik pak baik beacukai pak pangkas semua prosedur serta orang tidak penting situ,"Sir, appoint a good customs officer, sir, cut all the procedures and unimportant people there."
176,investasi paling aman returnnya gede jadi pegawai pajakbea cukai,the safest investment with big returns is to become a tax and customs officer
177,dari ada jari bau bau jari jari pegawai bea cukai,from there finger odor finger odor customs employee
178,restorasi seluruh pegawai,restoration of all employees
179,ga usah terlalu banyak cingcong kasih tauziah orang pajak amp beacukai apalgi surga amp neraka manusia jelas lebih berat harta gaji besar fasilitas bagus lha orang doa jelek rakyat ae indonesia cuek wkwkwkwkwm,There is no need to talk too much about giving people tax amp customs advice apalgi heaven amp hell humans are clearly heavier treasures big salaries good facilities lha people pray bad people ae indonesia ignorant wkwkwkwm
180,subur dengan ada buzzer pelihara perintah liat aja beacukai kan,"fertile with no buzzer maintaining orders just look at customs, right?"
181,bea cukai kerja malakin doang bisa,customs work malakin doang can
182,alamat ruwet kenek bea cukai,customs deckhand's complicated address
183,ini buat didik buat disabilitas apa cari beacukai ini butuh pribadi atau penting negara,this is for students for disabilities what to look for customs this needs personal or important state
184,beacukai masuk garong seragam dalam coba kalo audit kpk banyak kena,Customs entered the garong uniform inside try if kpk audit many hit
185,kalau ngirimnya indonesia sudah sangkut beacukai terus kena pajak 3 kali lipat,"If you send it to Indonesia, it is already subject to customs and tax 3 times."
186,ngga heran tugas beacukai tajir tajir,No wonder customs duty is so rich.
187,belum berapa era mukidi korupsi nya bukan cuma beacukai hampir tiap lembagainstansi ada,not how many eras Mukidi corruption is not just customs almost every agency there is
188,andai beacukai bikin konten tiap unboxing paket bisa nambah dapat eh maksud negara adsense,if customs makes content every unboxing package can increase can eh mean adsense country
189,customer centric sederhana beacukai paham,customer centric simple customs understand
190,goblok ya beacukai malah nawarin bima,stupid yes customs even offered bima
191,bima mana mau suruh ginian anj jelas dicepuin netizen wkwkwk goblog banget bea cukai,which bima wants to order ginian anj clearly dicepuin netizens wkwkwk goblog really customs
192,masuk konkret buat pegawai beacukai stop tipu tipu rakyat stop kasih duit haram buat keluarga,enter concrete for customs employees stop deceiving the people stop giving illicit money to the family
193,pokja umkm sekretariat sama kemenkeu wilayah sumsel sama kppbc tmp b palembang selenggara workshop klinik ekspor laku umkm orientasi ekspor selasa 30 april 2024,"the umkm working group of the joint secretariat of the ministry of finance for the South Sumatra region and kppbc tmp b palembang held an export clinic workshop for umkm export orientation on Tuesday, April 30, 2024."
194,isi timeline twitter sekarang 1 kasus korupsi 2 kasus beacukai 3 kasus salah sasar terima kip kuliah panas nomor 3 haha tiap hari spill oknum terima kip yang tidak sesuai,the contents of the twitter timeline now 1 corruption case 2 customs cases 3 misdirected cases receive kip hot lecture number 3 haha every day spill individuals receive kip that is not appropriate
195,benerkan ls handcarry kena beacukainya ngotak wkwkwk sehat sehat dah kamu orang beacukai,Is it true that handcarry ls hit by beacukainya ngotak wkwkwk healthy healthy dah you beacukai people
196,megatron hasil jerat beacukai,megatron snared by customs
197,bea cukai memang tai,customs indeed tai
198,oknum beacukai di siratal mustaqim sulit dosa berat langkah tumpu cukaicukai rokok,customs officers in siratal mustaqim difficult sin heavy step on cigarette excise tax
199,sedaaaaaap bakal pusing sama bea cukai,I'll be a headache for customs.
200,habis import susu terus tahan sama bea cukai,run out of milk imports continue to be held by customs
201,kata buzz lightyear terbang adalah jatuh gaya kalo kata beacukai campaignnya adalah buzzer gaya,the word buzz lightyear flying is falling style if the word customs campaign is buzzer style
202,wiiihhh montong tanya langgan bengkel sy aja orang beacukai muda banget h kaya l,wiiihhh montong ask my workshop subscriber just a very young beacukai person h kaya l
203,orang2 beacukai kaya raya era wiwi,wealthy customs people of the wiwi era
204,sudah pernah periksa lhkpn beliau sosok askolani dirjen beacukai milik harta kaya rp 51 8 miliar belakang jadi sorot via,has already checked his lhkpn the figure of askolani director general of customs owned wealth of rp 51 8 billion back so highlight via
205,kpd beacukai bukan evaluasi malah lanjut part 2,"to customs instead of evaluation, continue part 2"
206,tahan beacukai ndan,customs resistant and
207,paling 12 bulan lupa beacukai aja h adem ayem seperti h lupa sama kipk nanti,at most 12 months forget customs just h cool like h forget the same kipk later
208,bea cukai mulai sewa buzzerp buat medsosrezim sampah,customs starts hiring buzzersp for social mediawaste regime
209,bea cukai macam preman kalau tegur malah ajak gelut eewhh,customs is like a thug if you reprimand even invite a fight eewhh
210,selamat pagi jangan cari istri luar indonesia kalo mau tahan bea cukai,"Good morning, don't look for a wife outside Indonesia if you want to withstand customs."
211,habis marwah bea cukaidipermalukan,exhausted the dignity of the vinegar dutydisgraced
212,jangan beacukai heru aja punya buzzer kok,don't beacukai heru just has a buzzer anyway
213,bea cukai pernah bubar era soeharto jadi jangan kaget jk hidup terus ulang,Customs was dissolved in the Soeharto era so don't be surprised if it's alive again.
214,dulu pas kecil pernah pasar takut sama preman pasar telah anjak dewasa nyata preman bener2 takutin tuh beacukai,"When I was a kid, I was afraid of market thugs, but now I'm a real adult, the thugs are really scared of customs."
215,akan segera laku koordinasi instansi kait beacukai ksop pelindo tingkat layan karantina ujar amir amir kata itu laku baik status rapor strategi nasional cegah korupsi stranas pk,will soon sell coordination agency hook beacukai ksop pelindo quarantine service level said amir amir said it sells well status report card national strategy to prevent corruption stranas pk
216,beacukai vs everybody awokaowka,beacukai vs everybody awokaowka
217,berkat beacukai bang,thanks to customs bang
218,solusi beacukai sungguh bagus,customs solution is really good
219,gila beacukai sampe cari buzzer wow gila sih,crazy beacukai until looking for buzzers wow crazy anyway
220,bea cukai baik,good customs
221,dulu beacukai selalu begini kerjaany kapan tobat woii,used to be customs always like this worky when to repent woii
222,medy megatron megatron whats wrong medy serang beacukai megatron all clear,medy megatron megatron whats wrong medy serang beacukai megatron all clear
223,beacukai,beacukai
224,satu negara heboh tau megatron lebih milih invasi amerika kalau indonesia tahan ama bea cukai,One excited country knows that Megatron would prefer to invade America if Indonesia resists customs.
225,kamimuak beacukai,kamimuak customs
226,kalo beli langsung london pasti beacukai nya tahan dulu pajak sangat tinggi wkwkwk,"If you buy directly from London, the customs must hold a very high tax first."
227,mesti kerja beacukai sugih sugih,must work beacukai sugih sugih
228,lagi parkir lama proses beacukai lagi kang parkir kalau dah lewat gerbang bea cukai,again parking long customs process again kang parking if dah pass customs gate
229,pantesan beacukai banyak hedon2,That's why customs has a lot of hedon2
230,coba cek harta kaya tugas beacukai negeri semua nya mewah,"try to check the wealthy treasures of the country's customs duties, all of which are luxurious"
231,lucuwkwkkwkw bsbsnya beacukai minta endorse awbimax wkwkwkkw apa lupa kasus lampung kemaren,lucuwkwkkwkw bsbsnya beacukai ask for endorse awbimax wkwkwkkw apa forget case lampung kemaren
232,bea cukai tau kayak kalo orang pernah bikin ketar tir gubernur lampung,customs knows if people have ever made the governor of Lampung nervous
233,emang bakal lama ya min antri kece beacukai barang h berangkat taiwan akhir februari isi cuma barang pribadi doang padahal,"It will take a long time for min to queue kece beacukai goods h leaving taiwan at the end of February, the contents are only personal items, even though"
234,klo beacukai bang,if customs bang
235,unblock imei 3 bulan 250000 kemenperin750000 beacukai1050000 kerja sangat fats garansi order now,unblock imei 3 months 250000 kemenperin750000 beacukai1050000 work very fats warranty order now
236,sy hny tanya orang dulu masuk terima jadi pegawai beacukai bagaimana orang dulu naik jabat pakai apa,I just asked people who used to be accepted as customs employees how people used to rise to the position using what
237,org beacukai ama paja orang paling rentan dekat lobang neraka,Customs and Excise people are the most vulnerable people near the pit of hell.
238,akibat ghuluw taat ngulil ngamri min kum salaf salaf pns utama beacukai rela taat jadi tukang palak tukang rampok duit rakyat,due to ghuluw obey ngulil ngamri min kum salaf salaf main civil servant beacukai willing to obey become a robber robber of people's money
239,masukin tulis beacukai dong biar nambah trending,enter write beacukai dong let nambah trending
240,gimana pada kaya tuh orang bea cukaikorup semua,how are all the rich customs people corrupt?
241,gilaadi kantor beacukai dakwah sunnah bahana bahkan sholat fardhu masjid nya penuh sesak jamaah amp ustadz ustadz ngisi kaji jenggot masya allah celana cingkrang manhaj salaf rela jadi tukang palak rampok duit rakyat akibat taat ulil ngamriwkwk,gilaadi beacukai office da'wah sunnah bahana even praying fardhu mosque crowded congregation amp ustadz ustadz ngaji beard masya allah pants cingkrang manhaj salaf willing to be a robber rob the people's money due to obey ulil ngamriwkwk
242,tugas tugas beacukai umum banyak jadi mafia mafia,many general customs duties become mafia mafia
243,luar semua benar tugas layan publik mudah beri service excellence saya jadi penasaran beacukai punya sistem monitoring kait task pegawai barang in out 2 tahun bukan waktu sebentar,outside all true public service tasks easy give service excellence I'm so curious beacukai have a monitoring system hook task employees goods in out 2 years is not a short time
244,kek anjingg emang beacukai perlu selidik,kek anjingg emang beacukai need to investigate
245,ditjen beacukai pasti urus kasus 5 laptop braille tahan beacukai soetta,Directorate General of Customs will definitely take care of the case of 5 braille laptops held by Soetta Customs
246,mana yang berani orang beacukai bukti yerbalik harta nyalihat aja pegawai nya mobil2 nya soeta,"How dare the customs people prove that the assets are reversed, just look at the employees' cars at Soeta."
247,pegawai bumn beacukai ada capai triliun harta negara korup simbol agam,bumn beacukai employees have reached trillions of corrupt state assets agam symbol
248,wjahnya suami sandra dewi kira aura apa pancar wajah beacukai makassar viral patok subjektif parameter valid cara akademis jadi murni dapat sendiri tidak bsa dipake sbagai dalil justifikasi orang,wjahnya husband sandra dewi kira aura apa pancar wajah beacukai makassar viral patok subjective parameters valid academic way so purely can alone can not be used as an argument justification people
249,open joki transfer pricing antar akuntansi akm finance beacukai spt ekonomi mikro amp makro antar ilmu ekonomi wa dm jarang buka testi,open jockey transfer pricing between accounting akm finance beacukai spt micro amp macro economics between economics wa dm rarely open testi
250,bajing kelas kakap emng beacukai,high-class scoundrel emng beacukai
251,gue kira beacukai bakal benah nyata lanjut part 2,I think customs will improve real continued part 2
252,senyum butuh khusus mereka jabat beacukai otak cuma duit duit sama rampassss,smile need special their customs office brain just money money same rampassss
253,sejarah rupa beacukai pernah beku kenapa,the history of customs once frozen why
254,hmm ini mulai alih isu beacukai jadi pahlawan kita lihat nnti depa ada banyak bentuk pahlawan bea cukai,hmm this is starting to change the issue of customs being a hero we will see in the future there are many forms of customs heroes
255,bea cukai kotabaru hadir press release ungkap kasus narkoba kerja sama polres kotabaru lengkap,kotabaru customs present press release to reveal drug case in collaboration with kotabaru police complete
256,bea cukai jokowi bets sih hobi citra mbayar buzzer kompeten pake uang pajak rakyat rela tidak uang kelen pakai para jabat amp instansi perintah korup ini,customs jokowi bets sih hobby image mbayar buzzer competent use tax money people are willing not money kelen use para jabat amp agencies this corrupt order
257,aku orang paling depan akan saksi akhirat tentang betapa ngentotnya beacukai bom pernah ngerasain barang tahan,I'm the first person to bear witness in the afterlife to how much the bombing customs has ever felt.
258,dikit bilang bukan keranjang sampah lalu apa tugas kalian woi mundur dari beacukai kalian dikit narasi anggap keranjang sampah banyak mau kerja posisi kalian jujur memang sampah buang jangan biar,Dikit said it was not a waste basket then what is your job woi resign from your customs a little narrative considers a waste basket a lot of want to work your position honestly indeed waste waste do not let it
259,wkkwwkwk liat kalo yang salah beacukai mungkin kalau selidik yang korup tuh,wkkwwkwk see if the wrong beacukai maybe if investigating the corrupt tuh
260,dulu lagi deket sama cewek tikung sama orang bea cukai,I used to be close to a girl who was stalked by a customs officer.
261,takut sama bea cukai,afraid of customs
262,unboxing simpel beacukai marah,unboxing simple angry customs
263,gak heran mana orang beacukai miskin rumah sederhana,no wonder where poor customs people have simple houses
264,bea cukai dibubarin sih,customs disbanded anyway
265,kepala bea cukai,head of customs
266,eh kalau baca ss kan ada minta wajib ngasih pov positif kalau misal si influencer pernah punya alam baik ttg beacukai gimana buat amp diposting konten,"eh, if you read ss, there is a request to be obliged to give a positive pov, if for example the influencer has had a good nature about customs how to make amp posted content"
267,direktur jenderal dirjen beacukai askolani jadi sorot sebut milik harta kaya capai rp 51 8 miliar,director general of excise director general askolani in the spotlight says he has rich assets reaching rp 51 8 billion
268,coba bahas tunjang djp amp beacukai sangat tinggi bonus besar mereka terima capai target,Try discussing the support of djp amp customs very high big bonuses they receive to achieve the target
269,min jangan sebutin nominal donga kasihan mega pulang pulang di pajakin wakanda,min don't mention the nominal donga pity mega going home in pajakin wakanda
270,tugas beacukai akhir2 mirip malak,Customs duties end up looking like a scoundrel
271,semua pegawai beacukai nggk yang beres kadang buat korupsi pantesan rumah mobil mewah2,all customs employees are not in order sometimes for corruption pantesan luxury car house2
272,ufo cuma liat wilayah amerika ufo takut masuk wilayah indonesia izin denda beacukai mahal,ufo only sees american territory ufo is afraid to enter indonesia permit expensive customs fines
273,coba dong artis2 biasa belanja2 luar negeri bikin video pas beacukai penasaran lama lom artis komplain,Try dong artists who usually shop abroad make a video when customs is curious for a long time lom artist complain
274,arti soal edukasi ke masyarakat luas beacukai tidak cukup sedia helpdesk langkah konkrit perlu laku dengan gandeng media online punya ini,"meaning about education to the wider community, customs is not enough to provide helpdesk concrete steps need to be practiced by cooperating with online media have this"
275,kerja tugas beacukai sedang jadi sorot,customs duty work under the spotlight
276,tempelin logo decepticon vs beacukai bang,tempelin logo decepticon vs beacukai bang
277,bea cukai,customs clearance
278,baik citra beacukai buat gebrak inovasi kait tata kelola segala aspek masy organik kasih review bagus cari buzzer,good image of customs to breakthrough innovation hook governance all aspects of organic society give good reviews look for buzzers
279,tunggu aja influ pro beacukai wkwkw,Just wait for the pro customs influences.
280,gak enek gg yo akeh nganggur orang karyawan e bagi besar warga diri enek bandara pis sumbang pajak beacukai besar yo bayangno ae lek gaenek gg,no gg yo so many unemployed people employees e for big citizens self enek airport pis contribute big customs tax yo imagine ae lek gaenek gg
281,masalah beacukai nahan barang sampe barang buat orang cacat aja tahan 2 tahun,the problem of customs withholding goods until goods for disabled people just hold 2 years
282,kotor banget isi beacukai kotorrrrr,really dirty dirty customs contentrrrr
283,ngakak kok bea cukai,how come customs clearance
284,beacukai heboh soal di obrakabrik barang influencer coba di bobol barang rakyat biasa coba aja judul,customs is excited about being broken into influencer goods trying to break into ordinary people's goods just try the title
285,jalan pintas nya beacukai cari buzzer,the shortcut is customs looking for buzzers
286,list capai hidup ditawarin endorse capres ditawarin endorse beacukai,list achieves life offered endorse presidential candidate offered endorse customs clearance
287,bea cukai makin kesini makin jelas kerja entos bayarane akeh,customs is getting clearer and clearer the work entos paye akeh
288,sumpah goblok banget bea cukai,how stupid is customs?
289,bea cukai otak dmn deh bukan baik diri malah nyewa buzzer,customs brain dmn deh not good self instead hire buzzer
290,bea cukai ken kembali citra percaya publik sayang rakyat bisa bohong gimmick,customs ken back image trust public dear people can lie gimmick
291,beacukai pajak tanah isi mafia satu si coklat,customs land tax contents mafia one brownie
292,bentuk lawan beacukai perintah korbanya rakyat huffff perintah lawan sama kurcaci je,opposing form of customs order victimization of the people huffff opposing order same dwarf je
293,yg jelas beacukai lembaga isi tugas bobrok moral apa kerja jokowi lama 9 th lebih dulu lembaga masih kaya tai,"What is clear is that the customs agency is morally dilapidated, what is the work of the old jokowi 9 years earlier the agency is still rich in shit."
294,gin yang kerja beacukai main main sembunyiin barang milik wni,gin who works customs playfully hiding goods belonging to foreigners
295,takut sangkut beacukai entar kalo datengin barang luar,afraid of customs snags later if you bring in foreign goods
296,bea cukai loh wkwkwkwk hadeh baru sadar semenjak tuh rezim buzzer rajalela,customs duties lohkwkwk hadeh just realized since the regime buzzer rajalela
297,walaupun beacukai korupsi qiqiqiqiqiiiii,although customs corruption qiqiqiqiqiiiii
298,nyata gara gara nah telah viral langsung bantu padahal enggak nunggu sampe sampe viral untung masalah beacukai up kalau enggak kayak enggak bakal ke ambil,real because because it has gone viral immediately help when not waiting until it goes viral fortunately the problem of customs up if it's not like it won't be taken.
299,bertakon kerja pegawai beacukai berat seh lah cuma ngecek barang moso abot seh terus kok pendapatany atas rata ukur waras lek misteri,"the work of customs employees is hard, but just checking the goods moso abot seh and how come the income is above average measure sane lek mystery."
300,pasti gara kasus beacukai kemarin yang kena kasus beacukai yang bully instansi aduh bangsa bedain beacukai pajak aja tidak,It must be because of the customs case yesterday that was hit by the customs case that bully the agency ouch nation differentiate tax customs alone not
301,pngalaman yang hubung pihak beacukai jadi blh dong yah kalau pngalaman buruk skalian kampanyein semua pngalaman2 buruk kalean,pngalaman yang hubungan pihak beacukai jadi blh dong yah if pngalaman buruk skalian campaignin semua pngalaman2 buruk kalean
302,jabat beacukai kaya2 semua,all rich customs officers
303,beacukai nya cari buzzer tuh yang minta bayar 100 juta hehehe 100 juta ambil pajak rakyat untuk bayar buzzer buat nutupin kerja ambyar nya,Beacukai is looking for buzzers who ask to pay 100 million hehehe 100 million take people's taxes to pay buzzers to cover their ambyar work.
304,dari bilang mau narik engagement sorry saya lebih kenal orang boomer uban ada beacukai tuh,from saying you want to pull engagement sorry I know more gray boomer people there is customs anyway
305,bukan bebenah diri malah lanjut part 2 nyewa buzzer mana salah sasar ambil influencer kira rakyat indo bego terus bisa tipu gitu perintah dah bobrok gin kualitas beacukai dah mamam sudah barang sama duit haram sita perut kamu buncit,"instead of cleaning yourself up, continue part 2 hiring buzzers where the wrong target takes influencers think the people of indo are stupid and can continue to be deceived so orders dah dilapidated gin quality beacukai dah mamam already goods with illegitimate money confiscate your stomach distended"
306,salah banget beacukai nawarin bima,It's really wrong for customs to offer bima.
307,tiap hari aja alas buat hujat beacukai hadehh bner2 isi sarang korup,every day just a base for blaspheming customs hadehh bner2 contents corrupt nest
308,jam gin ken banget mandi bola kantor bea cukai,jam gin ken really bath ball customs office
309,open jastip imei beacukai awal mei murah aja banding lain cek web resmi cukai,open jastip imei beacukai early May cheap compared to others check the official excise website
310,kelas kampus2 naikin biaya didik aja pake buzzer buat bain beacukai yang sudah h kaya raya upeti rakyat engga,"college classes increase tuition fees, just use buzzers to bain customs who are already rich in tribute to the people."
311,kok cowok bisa senyum cocok banget kamu bang jadi pegawai bea cukai,how come guys can smile really suitable for you bang to be a customs officer
312,usul konkret cari buzzer buat endorse instansi beacukai baik beacukai baik kepala beacukai nya aja harta puluh miliar,concrete suggestion to find a buzzer to endorse the customs agency either the head of customs or the head of customs alone treasure twenty billion
313,gaji pegawai bea cukai,customs employee salary
314,harta dirjen beacukai askolani mobil paling murah tara gaji 100 orang umr banjarnegara,treasure director general of customs askolani cheapest car tara salary 100 people umr banjarnegara
315,waddduhhhh iklan nya bejibun padahal ken tau informasi lbh lengkap jadi dari sudut pandang beacukai yah,waddduhhhh the ads are so many even though ken knows more complete information so from the point of view of customs well
316,bea cukai tolol sewa jasa buzzer orang orang gabisa kerja,customs is stupid to hire buzzer services for people who can't work
317,bentar akun jelek tiba tiba nongol reply semua benar beacukai tidak ada blablabla pake kata maaf ohya lupa kan rasa langit,bentar ugly account suddenly nongol reply all right beacukai no blablabla use the word sorry ohya forget the taste of the sky
318,ada cuannya ngurus lapor ribet makanya dianggurin sampek 2tahun harusny usut pihak terima barang waktu dn mang tanggung jawab minimal turun kelas pns nya kalo gitu henti karena teledor cemar nama baik beacukai,"there is a cuannya taking care of the complicated report so that it is idle for up to 2 years, it must be investigated by the party receiving the goods at the time and mang responsibility at least downgrading the class of civil servants if so stop because it is negligent to tarnish the good name of customs."
319,negara adalah negara hukum saya suka orang cacat gugat beacukai adil ptun lbh fair jadi semua buka d sidang adil apa live tv putus orang cacat bayar biaya2 k pihak bc,the country is a state of law I like disabled people suing customs fair ptun more fair so all open in court fair what live tv break up disabled people pay costs to the bc side
320,dhl x beacukai collab,dhl x beacukai collab
321,harta kaya askolani dirjen beacukai jadi sorot punya rp51 8 m ramai soal pajak sepatu,askolani's rich assets as director general of customs becomes a spotlight has rp51 8 m busy about shoe tax
322,harta kaya askolanidirjenbeacukai jadi sorot punya rp51 8 m ramai soal pajak sepatu,rich assets of askolanidirjenbeacukai becomes a spotlight has rp51 8 m busy about shoe tax
323,harta kaya askolani dirjen beacukai jadi sorot punya rp51 8 m ramai soal pajak sepatu,askolani's rich assets as director general of customs becomes a spotlight has rp51 8 m busy about shoe tax
324,harta kaya askolanidirjenbeacukai jadi sorot punya rp51 8 m ramai soal pajak sepatu,rich assets of askolanidirjenbeacukai becomes a spotlight has rp51 8 m busy about shoe tax
325,periksa tuh mana jabat beacukai harta limpah kaya si rafael alun banyak deh sri mulyani orang harus tanggung jawab atas dungu praktek kerja bawah nya ugal2an,check where the beacukai official has an abundance of wealth rich in rafael alun many deh sri mulyani people must be responsible for the dumb practice of working under his irresponsible
326,viral oknum pegawai beacukai duga seludup ratus satwa lindung kalbar,viral unscrupulous customs employee suspected of smuggling hundreds of protected animals in West Kalimantan
327,bea cukai banyak bajing,customs is full of scoundrels
328,pihak beacukai riset sek po nek kak bima spesialis kritik perintah,the customs research sek po nek kak bima specialist criticism order
329,sekarang h bukan masa tahan dc cakung tahan bea cukai,now h is not the time dc cakung hold customs hold
330,tahu,know
331,sih tidak masuk akal citra perintah tuh harus baik citra kan penting kerja kerja baik citra baik elu cuma satusatunya service provider kaayak sim polisi kamu bikin sim lippo group ada beacukai cabang bca,anyway it doesn't make sense the image of the command must be good the image is important work good work good image you are the only service provider like a police sim you make a sim lippo group there is a bca branch beacukai
332,mo beacukai id memang terlalu tadi kawan cerita ke malaysia tahan beacukai malaysia bawa rokok koper nyata kini tidak bawa rokok atur baru tidak tahu jelas jelas terima dia sila masuk,mo beacukai id is too earlier friends stories to malaysia hold beacukai malaysia bring cigarettes real suitcase now do not bring cigarettes set new do not know clearly clearly accept him please enter
333,mending hapus aja lah beacukai sarang korupsi kayak jaman soeharto,Just abolish customs as a hotbed of corruption like Soeharto's era.
334,even israel jokowi beacukai punya bela,even israel jokowi beacukai has defense
335,bea cukai makin baik loh rek,customs is getting better loh rek
336,benci banget liat laku beacukai anjing,Really hate to see the behavior of customs dogs
337,bongkar ama bea cukai,unloading ama customs
338,gokil beacukai nyari buzzer,crazy beacukai looking for buzzers
339,jabat beacukai dirjen pajak,director general of taxation
340,pajak beacukai polisi dukcapil bpn etc coba sebut mana bersih kpk pungli,tax customs police dukcapil bpn etc try to name where clean kpk extortion
341,anak kipk keluar negeri mending laporin beacukai,kipk child out of the country mendorin beacukai
342,bea cukai lucu terus trauma apa,funny customs keeps traumatizing what
343,iku sis pejabat2 beacukai pajak menteri itu emang kedunyan banget ta yaopo seh kok nyusahin rakyat banget gaji yo wes podo gede kok sek ae berat urusane masyarakat kok sungkan karo orang gajine bahkan 1 jtbln ae nyampek tpi welas asihe mantep,"I think the officials of the ministerial tax office are really good at what they do, how come they really bother the people, their salaries are so big, how come they are so heavy on the people's business, how come they are reluctant to work with people whose salaries are even 1 million a month, but their compassion is strong."
344,semua butuh pegawai beacukai,all need customs employees
345,wong2 layak kipk karo petinggi2 beacukai jenuh ta mbendino disebut2 terus tidak ndue pikir ta emang sengojo rai gedeg seh padahal misal kon mampu ken beasiswa kan sek akeh seh beasiswa swasta harus effort mbujuki ada sebenere,"People who deserve a scholarship because of the high-ranking officials of the customs are tired of being mentioned and don't think about it, even though if you can afford a scholarship, there are so many private scholarships that you have to make an effort to actually get one."
346,bukan mau bain beacukai dlu influencer playing victim ken ikut2an cari engangement fake post begini moga aja berita benar clue orang jual pisang tpi bukan anak presiden,not want to bain beacukai dlu influencer playing victim ken ikut2an looking for engangement fake post like this hopefully true news clue people selling bananas but not the president's son
347,beacukai,beacukai
348,trus demo gapernah urus bea cukai,then demo gapernah urus customs
349,bentar ada survei demo tunjuk kalo beacukai baik muas kerja,Soon there will be a demo survey to show that customs is good at work.
350,lah bukan rahasia mah kalo bersihbersih nama wakanda biar liat rapih cara main pake buzzer beacukai lagi viral aja makanya sorot tidak tau deh kalo lain,It's no secret that cleaning up the name wakanda makes it look neat how to play using buzzer beacukai again viral just so highlight don't know if others
351,bukan keranjang sampah keranjang uang ngalir terus biar enak dengar bea cukai,not a waste basket basket money flowing continuously so that it is nice to hear customs
352,bea cukai indo parah banget anjirr banyak kasusuntung aku waktu tidak terima stan,indo customs is really bad anjirr a lot of lucky cases when I don't receive a booth
353,robot beacukai bisa bantu ajar huruf braille,customs robot can help teach braille letters
354,kata nenek dulu kakek punya jabat beacukai tukang acc gitu kata keluarga biasa aja rumah gaada motor mobil soal kata nenek kakek terlalu jujur kayaknyatidak semua di beacukai kaya raya jirrrrr,grandmother said grandfather used to have a customs officer acc so said the family ordinary house no motor car about grandmother said grandfather too honest like not all in customs rich jirrrrr
355,masak pegawai beacukai ada brief kait integritas ijin kan olah beacukai training satu bulan baik bea cukai,cook customs employees there is a brief hook integrity permission olah beacukai training one month both customs
356,bea cukai makin t,customs is getting t
357,layan beacukai sangat malu baik oknum jabat beacukai harta nya limpah ruah duga laku peras korupsi rafael alun andhi pramono,customs service is very embarrassed both unscrupulous beacukai official his wealth is abundant and suspected of extorting corruption rafael alun andhi pramono
358,pns pajak pns beacukai anggota dpr,tax officer tax officer excise tax officer member of parliament
359,bawa oleh2 luar negeri bayar sih kok bingung sama atur beacukai baru pulang luar negeri bawa oleh2 banyak jawab,bring souvenirs abroad pay anyway why confused with arrange customs new home abroad bring souvenirs a lot of answers
360,jangan kalo mau masukin stok barang kesini tahan sama beacukai terus kemas obok2,"don't if you want to enter the stock of goods here, hold it with customs and then pack it up."
361,takut hadap bea cukai,afraid of customs
362,belum berapa gaji pegawai beacukai,how much is the salary of customs employees yet
363,dirjen beacukai happy,dirjen beacukai happy
364,tinggal nunggu demo mahasiswa ngaku aliansi antah antah buat dukung bea cukai,just waiting for a student demo claiming to be an alliance of antah antah to support customs clearance
365,ernest prakasa blakblakan beri masuk beacukai stop malakin kelas tengah,ernest prakasa bluntly gives entry to customs stop malakin middle class
366,solusi imei blokir open unblock imei to all operator garansi 3 bulan premium permanen beacukai all smartphone amp iphone regis for bypass iphone micloud server punya masalah jaring inbox,solusi imei blokir open unblock imei to all operator garansi 3 bulan premium permanen beacukai all smartphone amp iphone regis for bypass iphone micloud server punya masalah jaring inbox
367,udah beacukai aja yh ze,already beacukai aja yh ze
368,kok orang tolol kerja beacukai,how come stupid people work in customs
369,begooooo siapa kerja beacukai bagi kirim2 info begooooo nawarin orang kritis sperti bima,begooooo who work customs for sending info begooooo offer critical people like bima
370,bea cukai laknat bisa2nya tahan alat orang cacat serahin kyak orang salah,damn customs can hold a handicapped person's tool and hand it over to the wrong person.
371,mau masuk lewat beacukai aja h kena pajak berapa ratus juta lagi pajak lain,just want to enter through customs taxed how many hundreds of millions more other taxes
372,misal beli megatron harga 147juta nabung berbulan2 bahkan tahun terus diunboxing beacukai asal2an sampe box rusak sih sakit hati banget,"for example, buying a megatron at a price of 147 million, saving up for months and even years and then being unboxed by customs until the box is damaged, it really hurts."
373,barang kalau kirim london indo ntar tahan ama beacukai pajak mahal,goods if sent to London indoar hold ama beacukai expensive tax
374,lamalama jadi kasihan sama pak jadi tameng kerja beacukai serampang ah gapapa tugas itu kan gaji itu moga tri juga punya tameng mau jelas apa sosialisasi,"I feel sorry for you, sir, so the beacukai work shield is as easy as ah gapapa the task is the salary, hopefully tri also has a shield, what is the socialization?"
375,anj sekarang beli lipstik jastipann susah hey bu sri mulyani beacukai resin,anj now buy lipstick jastipann difficult hey bu sri mulyani beacukai resin
376,harus jadi tunjuk masak sih enggak punya ahli ungkap busuk lanjut akan hancur semua kas kering beacukai pajak gila blt beasiswa hilang,must be the point of cooking anyway don't have an expert to expose rotten continue will be destroyed all cash dry customs tax crazy blt scholarships lost
377,orang mah malu pak malah senyamsenyum,People are embarrassed sir even smiling
378,no 6 jelas dah gagal barang sumbang swedia tuna netra aja tahan beacukai bagai alas,no 6 clearly failed sweden donated goods blind just hold customs like a pedestal
379,padahal kalo pungut bea cukai masuk akal transparan jelas orang orang dengan senang hati bayar ngeluh memang h jelas di sini beacukai cuman kirim invoice jelas bayar apa aja saya juga bayar online cont,"even though if the collection of customs is reasonable transparent, it is clear that people are happy to pay to complain, it is clear that here customs only sends clear invoices to pay for anything I also pay online cont."
380,unblock imei 3 bulan 250000 kemenperin750000 beacukai1050000 kerja sangat fats garansi order now,unblock imei 3 months 250000 kemenperin750000 beacukai1050000 work very fats warranty order now
381,aku ad alam baik sama beacukai kok biarpun mukany judes terus galak pnting bongkar koper orang padahal bawa banyak titipann sodara aku nang beacukai nang intl airport the best,I have a good nature with customs really even though the mukany judges continue to be fierce when unloading people's luggage even though they carry a lot of entrustments my brother nang beacukai nang intl airport the best
382,bea cukai kok mahal sinting,crazy expensive customs clearance
383,tidak mati aja sih orang beacukai kayak gin tri baik dunia,don't just die anyway customs people like gin tri good world
384,kalo balik indo mending medali2nya tinggal korea dulu soal bakal rampok beacukai,If you return indo mending medal2nya stay korea first about will rob beacukai
385,tolol siapa bilang padahal urus biaya impor hal beacukai perlu laku periksa barang padahal selaku pjt pihak laku bongkar packaging ulang kalo tolol ajar jangan bacot twitter,"Dumbass who said that when taking care of import fees, customs needs to be able to check the goods when as a pjt party, the practice of repackaging if you are a moron, don't talk on twitter."
386,udah palak hasil duit nya pake buat bayar buzzer fix bubar sih ieu bea cukai,already trough the results of his money use to pay buzzers fix dissolved anyway ieu customs
387,damn beacukai nyari buzzer,damn customs looking for buzzers
388,bukan autobots nyata musah megatron beacukai kaya judul lebih cocok,not real autobots musah megatron beacukai rich more suitable title
389,ide buat beacukai coba hire influencer kpop animanga toy hobbyist soal bidang2 paling alam hal per bea cukai kalo 12 orang yang mau stonks kok masalah kaga mungkin yang mao wkkw kalupun yang mau ada yang percaya wokowkwo,idea for customs try to hire influencers kpop animanga toy hobbyist about the most natural fields of things per customs if 12 people who want stonks really problem kaga maybe who want wkkw even if those who want there are believe wokowkwo
390,ungkap kronologi tumpang pilih robek tas mewah merek hermes hadap tugas beacukai itu lantar tumpang sebut enggan bayar pajak nila rp 26 juta video youtube 86 custom protection net awal orang tumpang pria baru turun,reveal the chronology of tumpang choose torn hermes brand luxury bag face customs duty it lantar tumpang call reluctant to pay tax value rp 26 million youtube video 86 custom protection net early tumpang man new down
391,jer please banget kamu foto kantor beacukai pajak cb,jer please really you photo of cb tax customs office
392,beacukai minta tebus ratus juta bijimane bro cebong,let the wheels be felt in fear bro cebong
393,beacukai kerja,work customs
394,bangg bukan pertama unboxing beacukai,bangg not first unboxing beacukai
395,banyak duga aspek negatif tidak afa vietnam spore atur pajek beacukai berubah2 kayak arah kentut spt 1 lembar tega hukum ancurancuran demo togel buruh usaha jadi sapi perah jabat daerah ormas islam,many suspected negative aspects are not afa vietnam spore set taxes beacukai change like the direction of the fart like 1 sheet of heartless law ancurancuranancuran demo togel laborers business so dairy cows jabat regional Islamic organizations
396,jangan jangan jodoh tahan beacukai,don't be a customs-proof match
397,jelas adu domba lagi viral soal beacukai bukan pajak usah bohongin diri sendiri apa beda dengan pegawai beacukai,clearly fighting again viral about customs not taxes try to lie to yourself what is the difference with customs employees
398,mau war orabella tantang banyak dollar apresiasi beacukai jadi sorot,want war orabella challenge many dollars customs appreciation so highlighted
399,yg heboh pegawai beacukai yang buat adu domba malah nyeret2 pegawai pajak kocak emang akun2 follower banyak mau sok kritis knp tidak bs nemuin rincian gaji pegawai bea cukai,the excitement of customs employees who create divide and conquer even dragged tax employees hilarious indeed accounts2 followers many want to be critical why can not find the details of the salary of customs employees
400,bea cukai jancuk,customs jancuk
401,lg overthinking beacukai terus buka tweet makas nanya aku tidur dulu oyasumi,I was overthinking beacukai and then opened makas tweet asking me to sleep first oyasumi
402,bea cukai bea cukai,customs clearance
403,wtb ip 11 propro max dongg ex ibox resmi beacukai yahh bsa shopee,wtb ip 11 propro max dongg ex ibox official beacukai yahh bsa shopee
404,seru banget drama beacukai lebih seru drama kipk maaf,really exciting drama beacukai more exciting drama kipk sorry
405,bisa aja atau gantung sih beacukai mah kan aneh aja sih ku sedikit abis thinking kemarin alat bantu orang cacat aja keep hampir 2 tahun that crazy buat apa bayar padahal korea sana aja dah hibah i dont like bea cukai,you can just or hang anyway beacukai mah it's just weird anyway I'm a little abis thinking yesterday handicapped aids just keep almost 2 years that crazy why pay when korea there aja dah grant i dont like customs duties
406,kaya dari rd luar dehh lagi rawan tahan sama si beacukai sial,rich from rd outside dehh again prone to withstand the pesky customs
407,kalo ortunya beacukai amp pajak tetep gede kok kirim gaji,"If the parents are customs amp tax, it's still great to send a salary."
408,bea cukai pernah beku lama 10 tahun 19851995 banyak sekali masalah wenang waktu ganti sucofindo kerja sama sgs bobrok skrg,customs was frozen for 10 years 19851995 a lot of problems wenang time replace sucofindo cooperation sgs dilapidated skrg
409,info lowong beacukai jalur express please,info lowong beacukai jalur express please
410,pk urus beacukai amp pajak benar biar depan lembaga rampok rakyat amp koropssii tidak usah sok tau komentar bulutangkis di rumah nonton biasa kok,pk take care of customs amp taxes properly so that the front of the people's robbery agency amp koropssii do not need to be pretentious to comment on badminton at home watching ordinary anyway
411,perbulanya arti 202750000 yah sama dirjen beacukai banyak mega mega kena pajak dirjen beacukai dapat insentif thr gaji 13 thpnya mungkin jadi 1112 lah,Perbulanya arti 202750000 yah sama dirjen beacukai banyak mega mega kena pajak dirjen beacukai dapat incentive thr gaji 13 thpnya mungkin jadi 1112 lah
412,takut sama beacukai kayak,afraid of customs like
413,bea cukai,customs clearance
414,jodoh tahan beacukai janganjangan baru mau uji kelulus sma kali hadeh hadeh,beacukai resistant mate don't just want to test graduation sma times hadeh hadeh
415,x heboh gara gara megatron serang beacukai eh serang beacukai haha robosen megatrob unboxing amp review do video ditambahin koin sita eh tinggal sana,x excited because megatron attack beacukai eh attack beacukai haha robosen megatrob unboxing amp review do video plus coin confiscation eh stay there
416,ngak salah orang bilang beacukai keranjang uang mulai jabat rendah di rektur gelimang harta,"It's not wrong for people to say that customs is a basket of money, starting from a lowly position in the director's treasure trove."
417,mending beacukai di beku beacukai pernah beku lama 10 tahun 19851995 banyak sekali masalah wenang waktu ganti sucofindo kerja sama sgs,better beacukai frozen beacukai once frozen long 10 years 19851995 a lot of problems wenang time change sucofindo cooperation sgs
418,karna viral yang speak up citra beacukai buruk bukan minta maaf malah cari influencer tiktok jadi buzzer,"because of the viral that speaks up the image of bad customs instead of apologizing, look for tiktok influencers to become buzzers"
419,ih beacukai bgst kali cok,ih beacukai bgst kali cok
420,kalau tambah tinggijabatannya tambah rendahnalarnya apa nama kalau bukan jancukai,"If the higher the position, the lower the reasoning, what is the name if not jancukai?"
421,ken beli langsung manchester sono takut tahan beacukai brengsek,ken buy directly manchester sono afraid hold customs asshole
422,hindar profesi seragam buat berkarir cari pasang baru hindar beacukai,avoid uniform profession for career look for new pairs avoid customs clearance
423,ih mampus beacukai hire kol direveal sama si bima lampung mau sewa alist artis buat endorse tidak ngaruh bjirr emang busuk mah busuk aja,ih mampus beacukai hire kol direveal same si bima lampung want to hire alist artist for endorse does not affect bjirr emang rotten mah rotten aja
424,berani gebrak perintah harap kakak ngikutin kasus beacukai soal anggar keluar biduan maaf lupa perintah mana,dare to kick the order please brother follow the customs case about fencing out the singer sorry forgot which order
425,gilir begini kok diem sama tren doxxing keluarga dirjen beacukai hedon2 pas masa mario dandy wkkwkw,how come this turn is silent on the doxxing trend of the family of the director general of customs hedon2 during the time of mario dandy wkkwkw
426,pak bosss cing cong truss ingat beacukai pernah beku lama 10 tahun 19851995 banyak sekali masalahbobrok wenang waktu ganti sucofindo kerja sama sgs,pak bosss cing cong truss remember beacukai once frozen long 10 years 19851995 a lot of problemsbobrok wenang when replace sucofindo cooperation sgs
427,orang twitter tiba2 jadi polisi moral bela koruptor gin yaa padahal dulu paling getol doxxing keluarga beacukai pajak hedon awokwkwkw,Twitter people suddenly become moral police to defend corruptors when they used to be most keen on doxxing the tax customs family hedon awokwkwkw
428,takut kmna pas kasus viral 271 t kasus pegawai pajak kasus pegawai beacukai kasus syl,afraid of what to do when the 271 t viral case tax employee case customs employee case syl case
429,bea cukai malu,customs shame
430,beacukai anj gagal cairr,customs failed to disburse anj
431,pasti kerja beacukai,must be customs work
432,beacukai daerah basah korupsi,customs corruption hotspot
433,ken deh beli tai gajah thailand gitu buat prank beacukai,let's buy a Thai elephant tai to prank customs.
434,bea cukai kudus aman ratus ribu batang rokok ilegal 2 tempat produksi jepara,kudus customs secures hundreds of thousands of illegal cigarettes from 2 jepara production sites
435,tolak ukur jadi jabat beacukai apa kok logika jalan gin ada sepuh mohon lah adaptasi ada masa kini orang tolol minimal kalo mau makan pajak rakyat kerja benar biar tidak curiga,what are the benchmarks for being a customs officer why is the logic of the gin road there is an old man please adapt there is a present moron at least if you want to eat people's taxes work right so you don't get suspicious
436,oknum beacukai sangat resah banyak pegawai lapar,unscrupulous customs officers are very worried about many hungry employees
437,gaji pegawai beacukai berapa kan pajak,customs employee salary how much is tax
438,bea cukai jancuk,customs jancuk
439,bayar berapa ratus juta buat ngirim foto biar tahan beacukai,pay how many hundred million to send photos to withstand customs clearance
440,bima pernah bikin heboh soal jalan lampung baru spill buat aja kerjasama beacukai buat bikin video pov kait alam positif beacukai he he he he he,bima once made a scene about the new lampung road spill just make cooperation with beacukai to make a positive natural hook pov video beacukai he he he he
441,bpk harga ada banding harga banding paling hemat gt temu boros beacukai harga cantum dokumen kirim banding harga banding paling tinggi gt denda lipat ganda hahahaha,bpk price there is an appeal the most economical appeal price gt wasteful meeting customs price cantum document send appeal the highest appeal price gt double fine hahahaha
442,unclock imei promo spesial tahun 3 bulan 300000 kemenperin950000 beacukai1300000 sedia buka blokir icloud iphone 960000k buru guys kerja sangat fats gas,unclock imei special promo year 3 month 300000 kemenperin950000 beacukai1300000 ready unblock icloud iphone 960000k rush guys work very fats gas
443,gilir sistem super ketat pukul rata semua orang korup macem beacukai protes gilir orang rame called out perilaku korup tetep bela kata sistem harus baik,rotate the super tight system evenly hit all corrupt people like customs protests rotate people crowds called out corrupt behavior but still defend the word the system must be good
444,beacukai,beacukai
445,open unlock imei beacukai amp kemenprin permanen paket 3 bulan 150k paket 6 bulan 200k paket 1 tahun 300k paket beacukai permanen 500k paket kemenprin permanen 400k proses 12 jam bayar selesai unlock daftar web,open unlock imei beacukai amp kemenprin permanent 3 month package 150k 6 month package 200k 1 year package 300k permanent beacukai package 500k permanent kemenprin package 400k process 12 hours pay finish unlock web register
446,bea cukai makin anehh tidak jelas bjiirrrr ggfgddddcfdd,customs is getting stranger and stranger bjiirrrr ggfgddddcfdd
447,alangkah malu punya keluarga kerja beacukai,It would be a shame to have a family working in customs
448,tahan beacukai soal jodoh impor korea,customs hold on Korean imported mate
449,takut tahan beacukai 2 tahun,afraid of customs resistance 2 years
450,gua yakin lama endus banyak barang tahan beacukai pake di hak milikin sekarang ajah baru ke endus cuman kerja tahan barang pajak terlalu mahal h lama,I'm sure I endured a lot of customs-resistant goods using property rights for a long time now just endured the work of withholding tax goods too expensive for a long time.
451,mang jabat atas mah mau diapain h muka tebel banyak contoh kasus belakang bisa lihat timeline mau gebuk gimana beacukai kasus kaya gitu aja jabat sama sekali ada minta maaf malah pihak orang cacat minta maaf,mang jabat atas mah mau diapain h thick face many examples of cases behind can see the timeline want to beat how beacukai kaya case like that aja jabat at all there is an apology even the disabled apologize
452,udah kirim gausah terlalu pikir kalo pikir terus puyeng lagi kalo ketemu positif thinking aja mungkin jodoh sangkut beacukai jadi santai aja caricari dulu,"already send it, don't think too much if you think about it and get confused again if you meet it, just think positively, maybe it's a soul mate related to customs so just relax and look for it first."
453,bentuk tanggung jawab paket rusak bagaimana beacukai rasa perlu tanggung jawab bukan bagi buka paket kan lalu paket tsb buka siapa mengapa ikut andil tidak langsung rusa paket tsb,form of responsibility for damaged packages how do customs feel the need for responsibility not for opening the package right then open the package who why indirectly participate in the deer of the package
454,klo pulang besuk hadap beacukai belit kek,"When you go home, face customs and excise."
455,bea cukai,customs clearance
456,harus tambah logo padahal sama beacukai kyak logo halal,must add a logo even though the customs is like a halal logo
457,hamil kandung cuk,pregnant bladder yoke
458,woi baru liat video fans izone po album jaman bubar baru nyampe tahan beacukai wkwkkwk album br dtg grup bubar bahkan membernyavdan debut ulang,woi just saw the video of fans izone po album era disbanded just arrived hold customs wkwkkwk album br dtg group disbanded even membersvdan debut again
459,wahai pasu beacukai kalian tahu pasu kalian sedia tiket neraka akhir dunia jangan bilang jalan tugas negara kalian tugas negara kait ini jadi warga negara neraka selamat,o pasu beacukai you know pasu you provide tickets hell the end of the world do not tell the road your state duty this hook state duty so citizen hell congratulations
460,dukun nya sanggup bayar pajak beacukai nya mungkin,The shaman is willing to pay the customs tax maybe
461,pegawai beacukai liat aja barang2 banyak timbun,Customs employees just see a lot of goods stockpiled
462,bc before christ beacukai juga barang curi kan,"bc before christ beacukai also stolen goods, right?"
463,maaf duit dipinjem bea cukai,sorry money borrowed by customs
464,lagi urus bea cukai,again taking care of customs
465,politikus golkar minta beacukai evaluasi,golkar politician asks customs to evaluate
466,sulit uz senjata tahan beacukai semua kan,difficult uz weapons hold customs all right
467,bea cukai tertawa lihat,customs laugh see
468,sorry salty tiap denger nama beacukai wkwk,sorry salty every time I hear the name beacukai wkwk
469,satu satu cara biar instansi mau gerak viralin dulu kasus aph sama kayak kasus alat bantu orang cacat tahan beacukai viralin pakai kipk jg coreng jabat instansiny lagi yang daftar kipk mampu alesannya apa hrsnya tau diri lah,one way to make agencies want to move viralin first the aph case is the same as the case of disabled assistive devices withstanding customs viralin using kipk also smears the agency's position again that the kipk list is able to alesannya what should know yourself lah
470,niat baik kamu kaya ke tahan beacukai yaa,"Your good intentions are rich to withstand customs, huh?"
471,dr dulu percaya bea cukai,used to trust customs
472,bea cukai sma inigrasi pokok suka main duid sma buleeee ijoo wk,customs sma inigrasi pokok suka bermain duid sma buleeee ijoo wk
473,pemaen bola cukup banyak kalo instansi jelas bea cukai,There are quite a lot of ball players if the agency is clearly customs.
474,fokus benah instansi hire agency buat campaign ttg instansi jadi solusi beacukai ttg segala kisruh hari apa betul cari influencer buat campaign atau mungkin sekali buzzer,focus on improving the agency hire an agency to create a campaign about the agency so the solution to customs about all the chaos of the day is really looking for influencers for campaigns or maybe once buzzer
475,jadi bayar pajak kena beacukai seluruh tari semua tuju pilih tuju,so pay tax subject to customs throughout the dance all tuju select tuju
476,pegawai beacukai ketapang selundup 566 satwa lindung,Ketapang customs employee smuggles 566 protected animals
477,unboxing robot megatron telah unboxing para pegawai beacukai negara bikin 1 negara heboh,Megatron robot unboxing has unboxed the country's customs employees making 1 country excited
478,jadi tanya kan barang beri gratis orang korea buat anak butuh khusus notaben nya orang nerima tidak perlu bayar minta bayar pihak beacukai juga kakak bilang dokumen kurang lengkap,"so I asked if Korean people give free goods for children with special needs, notaben, the recipient does not need to pay, ask to pay the customs also said that the documents are incomplete."
479,lebih tenang maen nya yakin banget kalau bawa piala indonesia tahan di bea cukai,"It's calmer to play, I'm sure if you bring the Indonesian trophy, it will withstand customs clearance."
480,kalo juara mohon piala thomas nya tahan beacukai nggih pak,"If you win, please hold the Thomas trophy for customs clearance, sir."
481,ini harta dirjen beacukai selidik bos jangan pinter drama doang bos,this is the treasure of the director general of customs investigating the boss do not smart drama doang boss
482,megatron ngobok2 beacukai,megatron ngobok2 beacukai
483,pegawai bea cukai,customs employee
484,foto sender tahan bea cukai,customs resistant sender photo
485,kalah pamor sama bola laku beacukai salah satu tri bongkar fasilitas,lose the prestige of the same soccer practice customs one of the tri dismantle the facility
486,gk deng mau ambil uang rakyat harom bestie level sama beacukai aku hrusnya kantor sama hirotaka aku animek,don't want to take public money harom bestie level with customs I should office with hirotaka I animek
487,pertama kali unboxing megatron sudah h diunboxing terimaksih banyak bea cukai,first time unboxing megatron already h unboxing thank you very much customs clearance
488,bea cukai makin goblok baik kalo viral aja,"customs is getting dumber, it's good if it goes viral."
489,unblock imei 3 bulan 250000 kemenperin750000 beacukai1050000 kerja sangat fats garansi order now,unblock imei 3 months 250000 kemenperin750000 beacukai1050000 work very fats warranty order now
490,kak coba dm beacukai,sis try dm beacukai
491,ganti aja jadi sorot kalau beacukai pajak,just change it to highlight the tax customs.
492,bayar beacukai masuk siapa,pay customs in who
493,lets see menteri uang baru gmn to be honest bobrok beacukai kasus2 pajak mikro imo jadi kurang smi kalau hal makro acung jempol emang bagus handle fiskal nya nah baru baik mikroekonomi tahan stabil makro nya,lets see the new money minister gmn to be honest dilapidated beacukai micro tax cases imo so less smi if macro things thumbs up good fiscal handle nah new good microeconomics hold stable macro nya
494,ak miskin aja royal kalo aku kerja bea cukai,I'd be poor if I worked in customs.
495,anjing kaya kamu aja hibahin tuh barang oi beacukai,Your rich dog just gave the goods to customs.
496,gw dulu sumpah serapahin beacukai yakin banget tuh barang ambil sama tugas kapan kan bisa maling vs tahu,I used to swear at customs really sure that the goods take the same task when can thieves vs know
497,klo kamu rasa hidup hanya beban ingat kasus beacukai,"If you think life is just a burden, remember the customs case."
498,jadi inget waktu victoria secret ada store indo beli us eh barang tahan beacukai bulan lebih cek beacukai ada jejak akhir info store vs nya barang akhir kirim kesini hamdalah dua sampai dengan selamat,so I remember when victoria secret had an indo store buy us eh goods withstand customs more than a month check beacukai there is a final trace of info store vs his final goods send here hamdalah two arrived safely
499,hasil tengah halaldah rahasia umum orang beacukai mah kuda gigit besi kuda makan tai,middle result halaldah general secret people beacukai mah horse bite iron horse eat tai
500,temenin julpa gt bea cukai,temenin julpa gt customs
501,iya pns bukan buruh pns pajak beacukai bpk bpkp,yes civil servants not laborers civil servants tax customs bpk bpkp
